batch_size,learning_rate,dropout_rate,val_accuracy
32,0.000258012805585084,0.15000000000000002,0.7724999785423279
64,0.009489588005449015,0.4,0.7524999976158142
128,0.008369614236184732,0.1,0.7250000238418579
